<?xml version="1.0" encoding="UTF-8"?>
<?NLS TYPE="org.eclipse.help.toc"?>
<toc label="UCDetector (online)" topic="http://www.ucdetector.org/index.html">
	<topic label="Start" href="http://www.ucdetector.org/index.html"></topic>
	<topic label="Preferences" href="http://www.ucdetector.org/preferences.html"></topic>
	<topic label="More" href="http://www.ucdetector.org/more.html"></topic>
	<topic label="Releases" href="http://www.ucdetector.org/releases.html"></topic>
	<topic label="FAQ" href="http://www.ucdetector.org/faq.html"></topic>
	<topic label="Custom" href="http://www.ucdetector.org/custom.html"></topic>
	<topic label="License" href="http://www.ucdetector.org/license.html"></topic>
	<topic label="Contact &amp; Links" href="http://www.ucdetector.org/contact.html"></topic>
</toc>
